{"cameraMode":{"drawMode":0,"name":"Shaded","section":"Shading Mode"},"sceneLighting":true,"audioPlay":false,"sceneViewState":{"m_AlwaysRefresh":false,"showFog":true,"showSkybox":true,"showFlares":true,"showImageEffects":true,"showParticleSystems":true,"showVisualEffectGraphs":true,"m_FxEnabled":true},"in2DMode":false,"pivot":{"x":451.3592529296875,"y":131.42807006835938,"z":0.59796142578125},"rotation":{"x":0.008085593581199646,"y":0.030378270894289018,"z":0.0003210031718481332,"w":-0.9995691776275635},"size":84.88459777832031,"orthographic":false}